-- MySQL dump 10.13  Distrib 8.0.22, for Linux (x86_64)
--
-- Host: localhost    Database: AEROVUELO
-- ------------------------------------------------------
-- Server version	8.0.22-0ubuntu0.20.04.3

/*!40101 SET @OLD_CHARACTER_SET_CLIENT=@@CHARACTER_SET_CLIENT */;
/*!40101 SET @OLD_CHARACTER_SET_RESULTS=@@CHARACTER_SET_RESULTS */;
/*!40101 SET @OLD_COLLATION_CONNECTION=@@COLLATION_CONNECTION */;
/*!50503 SET NAMES utf8 */;
/*!40103 SET @OLD_TIME_ZONE=@@TIME_ZONE */;
/*!40103 SET TIME_ZONE='+00:00' */;
/*!40014 SET @OLD_UNIQUE_CHECKS=@@UNIQUE_CHECKS, UNIQUE_CHECKS=0 */;
/*!40014 SET @OLD_FOREIGN_KEY_CHECKS=@@FOREIGN_KEY_CHECKS, FOREIGN_KEY_CHECKS=0 */;
/*!40101 SET @OLD_SQL_MODE=@@SQL_MODE, SQL_MODE='NO_AUTO_VALUE_ON_ZERO' */;
/*!40111 SET @OLD_SQL_NOTES=@@SQL_NOTES, SQL_NOTES=0 */;

--
-- Table structure for table `AVIONES`
--

DROP TABLE IF EXISTS `AVIONES`;
/*!40101 SET @saved_cs_client     = @@character_set_client */;
/*!50503 SET character_set_client = utf8mb4 */;
CREATE TABLE `AVIONES` (
  `idAVIONES` varchar(40) NOT NULL,
  `A_TIPO` varchar(45) NOT NULL,
  `A_DISPONIBLE` tinyint(1) NOT NULL,
  `A_idBASES` varchar(40) NOT NULL,
  PRIMARY KEY (`idAVIONES`),
  KEY `fk_AVIONES_BASES_idx` (`A_idBASES`),
  CONSTRAINT `fk_AVIONES_BASES` FOREIGN KEY (`A_idBASES`) REFERENCES `BASES` (`idBASES`)
) ENGINE=InnoDB DEFAULT CHARSET=utf8mb4 COLLATE=utf8mb4_0900_ai_ci;
/*!40101 SET character_set_client = @saved_cs_client */;

--
-- Dumping data for table `AVIONES`
--

LOCK TABLES `AVIONES` WRITE;
/*!40000 ALTER TABLE `AVIONES` DISABLE KEYS */;
INSERT INTO `AVIONES` VALUES ('AV001','BOEING 747',1,'B0002'),('AV002','BOEING 777',1,'B0003'),('AV003','BOEING 737',0,'B0004'),('AV004','BOEING 787',0,'B0001'),('AV005','BOEING 757',1,'B0002'),('AV006','BOEING 767',0,'B0003'),('AV007','BOEING 727',1,'B0005'),('AV008','A 320',1,'B0002'),('AV009','A 380',1,'B0005'),('AV010','AN 225',0,'B0001');
/*!40000 ALTER TABLE `AVIONES` ENABLE KEYS */;
UNLOCK TABLES;

--
-- Table structure for table `BASES`
--

DROP TABLE IF EXISTS `BASES`;
/*!40101 SET @saved_cs_client     = @@character_set_client */;
/*!50503 SET character_set_client = utf8mb4 */;
CREATE TABLE `BASES` (
  `idBASES` varchar(40) NOT NULL,
  `B_NOMBRE` varchar(45) NOT NULL,
  PRIMARY KEY (`idBASES`),
  UNIQUE KEY `idBASES_UNIQUE` (`idBASES`)
) ENGINE=InnoDB DEFAULT CHARSET=utf8mb4 COLLATE=utf8mb4_0900_ai_ci;
/*!40101 SET character_set_client = @saved_cs_client */;

--
-- Dumping data for table `BASES`
--

LOCK TABLES `BASES` WRITE;
/*!40000 ALTER TABLE `BASES` DISABLE KEYS */;
INSERT INTO `BASES` VALUES ('B0001','CARROLL'),('B0002','ROSE'),('B0003','NEKOMA'),('B0004','MAUNSELL'),('B0005','HETEL');
/*!40000 ALTER TABLE `BASES` ENABLE KEYS */;
UNLOCK TABLES;

--
-- Table structure for table `MIEMBROS`
--

DROP TABLE IF EXISTS `MIEMBROS`;
/*!40101 SET @saved_cs_client     = @@character_set_client */;
/*!50503 SET character_set_client = utf8mb4 */;
CREATE TABLE `MIEMBROS` (
  `idMIEMBRO` varchar(45) NOT NULL,
  `idPERSONAL_fk` int NOT NULL,
  `FUNCION` varchar(40) DEFAULT NULL,
  PRIMARY KEY (`idMIEMBRO`,`idPERSONAL_fk`),
  UNIQUE KEY `idMIEMBROS_UNIQUE` (`idPERSONAL_fk`),
  CONSTRAINT `fk_MIEMBROS_PERSONAL1` FOREIGN KEY (`idPERSONAL_fk`) REFERENCES `PERSONAL` (`idPERSONAL`)
) ENGINE=InnoDB DEFAULT CHARSET=utf8mb4 COLLATE=utf8mb4_0900_ai_ci;
/*!40101 SET character_set_client = @saved_cs_client */;

--
-- Dumping data for table `MIEMBROS`
--

LOCK TABLES `MIEMBROS` WRITE;
/*!40000 ALTER TABLE `MIEMBROS` DISABLE KEYS */;
INSERT INTO `MIEMBROS` VALUES ('MI0001',10002,'COPILOTO'),('MI0002',10003,'INGENIERO DE VUELO'),('MI0003',10004,'AUXILIAR'),('MI0004',10006,'COPILOTO'),('MI0005',10007,'INGENIERO DE VUELO'),('MI0006',10008,'AUXILIAR'),('MI0007',10010,'COPILOTO'),('MI0008',10011,'INGENIERO DE VUELO'),('MI0009',10012,'AUXILIAR'),('MI0010',10014,'COPILOTO'),('MI0011',10015,'INGENIERO DE VUELO'),('MI0012',10016,'AUXILIAR'),('MI0013',10018,'COPILOTO'),('MI0014',10019,'INGENIERO DE VUELO'),('MI0015',10020,'AUXILIAR'),('MI0016',10022,'COPILOTO'),('MI0017',10023,'INGENIERO DE VUELO'),('MI0018',10024,'AUXILIAR'),('MI0019',10026,'COPILOTO'),('MI0020',10027,'INGENIERO DE VUELO'),('MI0021',10028,'AUXILIAR'),('MI0022',10030,'COPILOTO'),('MI0023',10031,'INGENIERO DE VUELO'),('MI0024',10032,'AUXILIAR'),('MI0025',10034,'COPILOTO'),('MI0026',10035,'INGENIERO DE VUELO'),('MI0027',10036,'AUXILIAR'),('MI0028',10038,'COPILOTO'),('MI0029',10039,'INGENIERO DE VUELO'),('MI0030',10040,'AUXILIAR'),('MI0031',10042,'COPILOTO'),('MI0032',10043,'INGENIERO DE VUELO'),('MI0033',10044,'AUXILIAR'),('MI0034',10046,'COPILOTO'),('MI0035',10047,'INGENIERO DE VUELO'),('MI0036',10048,'AUXILIAR');
/*!40000 ALTER TABLE `MIEMBROS` ENABLE KEYS */;
UNLOCK TABLES;

--
-- Table structure for table `PERSONAL`
--

DROP TABLE IF EXISTS `PERSONAL`;
/*!40101 SET @saved_cs_client     = @@character_set_client */;
/*!50503 SET character_set_client = utf8mb4 */;
CREATE TABLE `PERSONAL` (
  `idPERSONAL` int NOT NULL AUTO_INCREMENT,
  `P_NOMBRE` varchar(45) NOT NULL,
  `P_APELLIDO` varchar(45) NOT NULL,
  `P_idBASES` varchar(40) NOT NULL,
  PRIMARY KEY (`idPERSONAL`),
  UNIQUE KEY `idPERSONAL_UNIQUE` (`idPERSONAL`),
  KEY `fk_PERSONAL_BASES1_idx` (`P_idBASES`),
  CONSTRAINT `fk_PERSONAL_BASES1` FOREIGN KEY (`P_idBASES`) REFERENCES `BASES` (`idBASES`)
) ENGINE=InnoDB AUTO_INCREMENT=10049 DEFAULT CHARSET=utf8mb4 COLLATE=utf8mb4_0900_ai_ci;
/*!40101 SET character_set_client = @saved_cs_client */;

--
-- Dumping data for table `PERSONAL`
--

LOCK TABLES `PERSONAL` WRITE;
/*!40000 ALTER TABLE `PERSONAL` DISABLE KEYS */;
INSERT INTO `PERSONAL` VALUES (10001,'ALONSO','SANCHEZ','B0001'),(10002,'PEDRO','AREVALO','B0001'),(10003,'JUAN','FLORES','B0001'),(10004,'ANA','PEREZ','B0001'),(10005,'SOLEDAD','MARTINEZ','B0002'),(10006,'ALEJANDRO','ARRAZABAL','B0002'),(10007,'EDINSON','GUERRERO','B0002'),(10008,'ALBERTO','RODRIGUEZ','B0002'),(10009,'JEAN','POBLANO','B0003'),(10010,'SOLANGE','PENCO','B0003'),(10011,'ROSA','CASADO','B0003'),(10012,'PENELOPE','BENAVENTE','B0003'),(10013,'MARTIN','VIZCARRA','B0005'),(10014,'CRISTINA','SAENZ','B0005'),(10015,'PAOLA','CARILLO','B0005'),(10016,'CARLOS','SATISTEBAN','B0005'),(10017,'JAVIER','SAGASTEGUI','B0004'),(10018,'LIZ','SAENZ','B0004'),(10019,'ROCIO','MOLINA','B0004'),(10020,'JORGE','OBREGON','B0004'),(10021,'EDUARDO','MERINO','B0003'),(10022,'FELICIA','CARDENAS','B0003'),(10023,'OSCAR','VILLAMARIN','B0003'),(10024,'ROMULO','CORREA','B0003'),(10025,'ARLEY','REYES','B0002'),(10026,'JUAN','PARRA','B0002'),(10027,'ELDA','CHAVEZ','B0002'),(10028,'ENRIQUE','LOPEZ','B0002'),(10029,'MANUEL','CAVERO','B0001'),(10030,'KATIA','BORGES','B0001'),(10031,'LISANDRA','GALVEZ','B0001'),(10032,'VERONICA','VELEZ','B0001'),(10033,'ALICIA','POSADA','B0002'),(10034,'PATRICIA','LONDRA','B0002'),(10035,'NICOL','FERREZ','B0002'),(10036,'DANIELA','ARANZA','B0002'),(10037,'DANIEL','CARRASCO','B0003'),(10038,'MIGUEL','SOLIER','B0003'),(10039,'NATALIA','JUAREZ','B0003'),(10040,'MILAGROS','LAMPA','B0003'),(10041,'MARCIO','VALVERDE','B0004'),(10042,'PILAR','ASCUES','B0004'),(10043,'PIERO','DEL PORTAL','B0004'),(10044,'RENATO','OSORES','B0004'),(10045,'KIARA','PONCE','B0005'),(10046,'LEANDRO','RUBIO','B0005'),(10047,'ALEXANDRA','PORTUGAL','B0005'),(10048,'RICHARD','BLANCO','B0005');
/*!40000 ALTER TABLE `PERSONAL` ENABLE KEYS */;
UNLOCK TABLES;

--
-- Table structure for table `PERSONAL_EN_VUELO`
--

DROP TABLE IF EXISTS `PERSONAL_EN_VUELO`;
/*!40101 SET @saved_cs_client     = @@character_set_client */;
/*!50503 SET character_set_client = utf8mb4 */;
CREATE TABLE `PERSONAL_EN_VUELO` (
  `PEA_VUELOS` varchar(40) NOT NULL,
  `PEA_idPILOTO` int NOT NULL,
  `PEA_idCPIL` int NOT NULL,
  `PEA_idING` int NOT NULL,
  `PEA_idAUX` int NOT NULL,
  `FECHA_VUELO` date NOT NULL,
  PRIMARY KEY (`PEA_VUELOS`,`PEA_idPILOTO`,`PEA_idCPIL`,`PEA_idING`,`PEA_idAUX`),
  UNIQUE KEY `PEA_VUELOS_UN` (`PEA_VUELOS`,`PEA_idPILOTO`,`PEA_idING`,`PEA_idAUX`,`FECHA_VUELO`),
  KEY `fk_PERSONAL_EN_AVION_PERSONAL1_idx` (`PEA_idPILOTO`,`PEA_idCPIL`,`PEA_idING`,`PEA_idAUX`),
  KEY `fk_PERSONAL_COPILOTO` (`PEA_idCPIL`),
  KEY `fk_PERSONAL_INGENIERO` (`PEA_idING`),
  KEY `fk_PERSONAL_AUXILIAR` (`PEA_idAUX`),
  CONSTRAINT `fk_PERSONAL_AUXILIAR` FOREIGN KEY (`PEA_idAUX`) REFERENCES `PERSONAL` (`idPERSONAL`),
  CONSTRAINT `fk_PERSONAL_COPILOTO` FOREIGN KEY (`PEA_idCPIL`) REFERENCES `PERSONAL` (`idPERSONAL`),
  CONSTRAINT `fk_PERSONAL_INGENIERO` FOREIGN KEY (`PEA_idING`) REFERENCES `PERSONAL` (`idPERSONAL`),
  CONSTRAINT `fk_PERSONAL_PILOTO` FOREIGN KEY (`PEA_idPILOTO`) REFERENCES `PERSONAL` (`idPERSONAL`),
  CONSTRAINT `fk_VUELOS_PEA` FOREIGN KEY (`PEA_VUELOS`) REFERENCES `VUELOS` (`idVUELOS`)
) ENGINE=InnoDB DEFAULT CHARSET=utf8mb4 COLLATE=utf8mb4_0900_ai_ci;
/*!40101 SET character_set_client = @saved_cs_client */;

--
-- Dumping data for table `PERSONAL_EN_VUELO`
--

LOCK TABLES `PERSONAL_EN_VUELO` WRITE;
/*!40000 ALTER TABLE `PERSONAL_EN_VUELO` DISABLE KEYS */;
INSERT INTO `PERSONAL_EN_VUELO` VALUES ('ALBL145',10025,10026,10027,10028,'2020-12-24'),('ALMA101',10009,10010,10011,10012,'2020-12-11'),('ALSE156',10001,10046,10047,10048,'2020-09-01'),('ALVA123',10045,10002,10003,10004,'2020-09-03'),('BLBR143',10005,10022,10023,10024,'2020-09-07'),('BLNA157',10041,10010,10011,10012,'2020-09-09'),('BLVA147',10017,10030,10031,10032,'2020-12-20'),('BRLN011',10009,10034,10035,10036,'2020-09-15'),('BRMA554',10029,10018,10019,10020,'2021-01-20'),('BRPR065',10037,10006,10007,10008,'2020-09-24'),('BRSE341',10037,10042,10043,10044,'2021-01-02'),('LNAL663',10021,10010,10011,10012,'2021-01-25'),('LNNA102',10013,10018,10019,10020,'2020-09-26'),('LNPR001',10001,10018,10019,10020,'2020-12-05'),('LNSE419',10033,10030,10031,10032,'2020-09-30'),('LNVA003',10029,10022,10023,10024,'2020-12-26'),('MAAL669',10041,10030,10031,10032,'2021-01-10'),('MABL003',10017,10038,10039,10040,'2020-09-03'),('MABR001',10029,10042,10043,10044,'2020-10-05'),('MAMI169',10021,10038,10039,10040,'2020-12-21'),('MAPR006',10021,10014,10015,10016,'2020-10-14'),('MIAL100',10045,10034,10035,10036,'2021-01-07'),('MIBL122',10025,10026,10027,10028,'2020-10-19'),('MINA441',10037,10026,10027,10028,'2021-01-14'),('MIPR100',10017,10006,10007,10008,'2021-01-28'),('NAMA179',10009,10030,10023,10012,'2020-10-24'),('NAMI119',10005,10014,10015,10016,'2020-12-08'),('NAPR012',10013,10014,10039,10032,'2020-10-31'),('NASE145',10001,10026,10043,10040,'2020-11-02'),('NAVA551',10041,10038,10039,10040,'2021-01-05'),('PRMI106',10021,10010,10011,10004,'2020-11-09'),('PRSE114',10013,10002,10003,10004,'2020-12-16'),('SEBL111',10025,10014,10015,10016,'2021-01-22'),('SELN054',10037,10022,10003,10020,'2020-11-17'),('SEMI101',10029,10002,10019,10016,'2020-11-22'),('VAAL741',10041,10018,10047,10028,'2020-11-24'),('VABR333',10013,10002,10003,10004,'2021-02-05'),('VAPR164',10005,10006,10015,10004,'2020-11-29'),('VAPR198',10033,10046,10047,10048,'2020-12-30'),('VASE778',10033,10022,10023,10024,'2021-01-17');
/*!40000 ALTER TABLE `PERSONAL_EN_VUELO` ENABLE KEYS */;
UNLOCK TABLES;

--
-- Table structure for table `PILOTOS`
--

DROP TABLE IF EXISTS `PILOTOS`;
/*!40101 SET @saved_cs_client     = @@character_set_client */;
/*!50503 SET character_set_client = utf8mb4 */;
CREATE TABLE `PILOTOS` (
  `idPILOTO` varchar(45) NOT NULL,
  `idPERSONAL_fk` int NOT NULL,
  `HORAS_VOLADAS` int NOT NULL,
  PRIMARY KEY (`idPILOTO`,`idPERSONAL_fk`),
  KEY `fk_PILOTOS_PERSONAL1` (`idPERSONAL_fk`),
  CONSTRAINT `fk_PILOTOS_PERSONAL1` FOREIGN KEY (`idPERSONAL_fk`) REFERENCES `PERSONAL` (`idPERSONAL`)
) ENGINE=InnoDB DEFAULT CHARSET=utf8mb4 COLLATE=utf8mb4_0900_ai_ci;
/*!40101 SET character_set_client = @saved_cs_client */;

--
-- Dumping data for table `PILOTOS`
--

LOCK TABLES `PILOTOS` WRITE;
/*!40000 ALTER TABLE `PILOTOS` DISABLE KEYS */;
INSERT INTO `PILOTOS` VALUES ('PI0001',10001,200),('PI0002',10005,350),('PI0003',10009,150),('PI0004',10013,540),('PI0005',10017,280),('PI0006',10021,740),('PI0007',10025,412),('PI0008',10029,536),('PI0009',10033,536),('PI0010',10037,184),('PI0011',10041,278),('PI0012',10045,440);
/*!40000 ALTER TABLE `PILOTOS` ENABLE KEYS */;
UNLOCK TABLES;

--
-- Table structure for table `USUARIOS`
--

DROP TABLE IF EXISTS `USUARIOS`;
/*!40101 SET @saved_cs_client     = @@character_set_client */;
/*!50503 SET character_set_client = utf8mb4 */;
CREATE TABLE `USUARIOS` (
  `idUSUARIOS` int NOT NULL AUTO_INCREMENT,
  `U_NAME` varchar(45) NOT NULL,
  `U_USERNAME` varchar(20) NOT NULL,
  `U_PASSWORD` varchar(20) NOT NULL,
  PRIMARY KEY (`idUSUARIOS`),
  UNIQUE KEY `idUSUARIOS_UNIQUE` (`idUSUARIOS`),
  UNIQUE KEY `U_PASSWORD_UNIQUE` (`U_PASSWORD`),
  UNIQUE KEY `U_NAME_UNIQUE` (`U_NAME`),
  UNIQUE KEY `U_USERNAME_UNIQUE` (`U_USERNAME`)
) ENGINE=InnoDB AUTO_INCREMENT=100003 DEFAULT CHARSET=utf8mb4 COLLATE=utf8mb4_0900_ai_ci;
/*!40101 SET character_set_client = @saved_cs_client */;

--
-- Dumping data for table `USUARIOS`
--

LOCK TABLES `USUARIOS` WRITE;
/*!40000 ALTER TABLE `USUARIOS` DISABLE KEYS */;
INSERT INTO `USUARIOS` VALUES (100001,'CRISTIAN SANCHEZ','admin','4dm!n'),(100002,'ARLEY REINA','arley','Arl3!');
/*!40000 ALTER TABLE `USUARIOS` ENABLE KEYS */;
UNLOCK TABLES;

--
-- Table structure for table `VUELOS`
--

DROP TABLE IF EXISTS `VUELOS`;
/*!40101 SET @saved_cs_client     = @@character_set_client */;
/*!50503 SET character_set_client = utf8mb4 */;
CREATE TABLE `VUELOS` (
  `idVUELOS` varchar(40) NOT NULL,
  `V_ORIGEN` varchar(45) NOT NULL,
  `V_DESTINO` varchar(45) NOT NULL,
  `V_HORA_PARTIDA` time NOT NULL,
  `V_idAVIONES` varchar(40) NOT NULL,
  PRIMARY KEY (`idVUELOS`),
  UNIQUE KEY `idVUELOS_UNIQUE` (`idVUELOS`),
  KEY `fk_VUELOS_AVIONES1_idx` (`V_idAVIONES`),
  CONSTRAINT `fk_VUELOS_AVIONES1` FOREIGN KEY (`V_idAVIONES`) REFERENCES `AVIONES` (`idAVIONES`)
) ENGINE=InnoDB DEFAULT CHARSET=utf8mb4 COLLATE=utf8mb4_0900_ai_ci;
/*!40101 SET character_set_client = @saved_cs_client */;

--
-- Dumping data for table `VUELOS`
--

LOCK TABLES `VUELOS` WRITE;
/*!40000 ALTER TABLE `VUELOS` DISABLE KEYS */;
INSERT INTO `VUELOS` VALUES ('ALBL145','ALICANTE','BERLIN','10:15:00','AV003'),('ALMA101','ALICANTE','MADRID','13:19:00','AV006'),('ALSE156','ALICANTE','SEVILLA','06:12:00','AV003'),('ALVA123','ALICANTE','VALENCIA','00:10:00','AV004'),('BLBR143','BERLIN','BARCELONA','18:55:00','AV010'),('BLNA157','BERLIN','NAPOLES','17:26:00','AV006'),('BLVA147','BERLIN','VALENCIA','17:45:00','AV010'),('BRLN011','BARCELONA','LONDRES','09:15:00','AV010'),('BRMA554','BARCELONA','MADRID','13:18:00','AV004'),('BRPR065','BARCELONA','PARIS','21:15:00','AV007'),('BRSE341','BARCELONA','SEVILLA','10:28:00','AV002'),('LNAL663','LONDRES','ALICANTE','08:10:00','AV006'),('LNNA102','LONDRES','NAPOLES','22:16:00','AV001'),('LNPR001','LONDRES','PARIS','14:20:00','AV002'),('LNSE419','LONDRES','SEVILLA','14:30:00','AV001'),('LNVA003','LONDRES','VALENCIA','06:20:00','AV007'),('MAAL669','MADRID','ALICANTE','04:20:00','AV001'),('MABL003','MADRID','BERLIN','13:50:00','AV005'),('MABR001','MADRID','BARCELONA','11:30:00','AV002'),('MAMI169','MADRID','MILAN','16:50:00','AV001'),('MAPR006','MADRID','PARIS','04:35:00','AV003'),('MIAL100','MILAN','ALICANTE','15:55:00','AV004'),('MIBL122','MILAN','BERLIN','11:10:00','AV001'),('MINA441','MILAN','NAPOLES','21:00:00','AV010'),('MIPR100','MILAN','PARIS','10:30:00','AV007'),('NAMA179','NAPOLES','MADRID','12:00:00','AV002'),('NAMI119','NAPOLES','MILAN','19:12:00','AV005'),('NAPR012','NAPOLES','PARIS','19:40:00','AV003'),('NASE145','NAPOLES','SEVILLA','07:37:00','AV004'),('NAVA551','NAPOLES','VALENCIA','12:10:00','AV003'),('PRMI106','PARIS','MILAN','18:45:00','AV010'),('PRSE114','PARIS','SEVILLA','10:35:00','AV009'),('SEBL111','SEVILLA','BERLIN','00:35:00','AV007'),('SELN054','SEVILLA','LONDRES','23:48:00','AV007'),('SEMI101','SEVILLA','MILAN','13:05:00','AV010'),('VAAL741','VALENCIA','ALICANTE','15:20:00','AV005'),('VABR333','VALENCIA','BARCELONA','20:50:00','AV009'),('VAPR164','VALENCIA','PARIS','15:13:00','AV002'),('VAPR198','VALENCIA','PARIS','11:40:00','AV008'),('VASE778','VALENCIA','SEVILLA','23:10:00','AV005');
/*!40000 ALTER TABLE `VUELOS` ENABLE KEYS */;
UNLOCK TABLES;
/*!40103 SET TIME_ZONE=@OLD_TIME_ZONE */;

/*!40101 SET SQL_MODE=@OLD_SQL_MODE */;
/*!40014 SET FOREIGN_KEY_CHECKS=@OLD_FOREIGN_KEY_CHECKS */;
/*!40014 SET UNIQUE_CHECKS=@OLD_UNIQUE_CHECKS */;
/*!40101 SET CHARACTER_SET_CLIENT=@OLD_CHARACTER_SET_CLIENT */;
/*!40101 SET CHARACTER_SET_RESULTS=@OLD_CHARACTER_SET_RESULTS */;
/*!40101 SET COLLATION_CONNECTION=@OLD_COLLATION_CONNECTION */;
/*!40111 SET SQL_NOTES=@OLD_SQL_NOTES */;

-- Dump completed on 2020-12-07 11:07:41
